{"cameraMode":{"drawMode":0,"name":"Shaded","section":"Shading Mode"},"sceneLighting":true,"audioPlay":false,"sceneViewState":{"m_AlwaysRefresh":false,"showFog":true,"showSkybox":true,"showFlares":true,"showImageEffects":true,"showParticleSystems":true,"showVisualEffectGraphs":true,"m_FxEnabled":true},"in2DMode":false,"pivot":{"x":12.12628173828125,"y":-10.252994537353516,"z":1.7716960906982422},"rotation":{"x":-0.6584656834602356,"y":0.006094859912991524,"z":-0.005331641063094139,"w":-0.7525637149810791},"size":28.668716430664064,"orthographic":false}