{"cameraMode":{"drawMode":0,"name":"Shaded","section":"Shading Mode"},"sceneLighting":true,"audioPlay":false,"sceneViewState":{"m_AlwaysRefresh":false,"showFog":true,"showSkybox":true,"showFlares":true,"showImageEffects":true,"showParticleSystems":true,"showVisualEffectGraphs":true,"m_FxEnabled":true},"in2DMode":false,"pivot":{"x":-0.3108651638031006,"y":-1.8387466669082642,"z":-0.062180519104003909},"rotation":{"x":-0.09454809129238129,"y":0.4984642565250397,"z":-0.05479951202869415,"w":-0.859991192817688},"size":1.2064262628555298,"orthographic":false}