{"cameraMode":{"drawMode":0,"name":"Shaded","section":"Shading Mode"},"sceneLighting":true,"audioPlay":false,"sceneViewState":{"m_AlwaysRefresh":false,"showFog":true,"showSkybox":true,"showFlares":true,"showImageEffects":true,"showParticleSystems":true,"showVisualEffectGraphs":true,"m_FxEnabled":true},"in2DMode":false,"pivot":{"x":-0.047996848821640018,"y":1.0110487937927247,"z":-5.214795112609863},"rotation":{"x":-0.037486765533685687,"y":0.01528489775955677,"z":-0.0005728708347305656,"w":-0.9991763234138489},"size":2.8417816162109377,"orthographic":false}